e, e_dot, e_int, stamp, 
1.917772493916151, 0.0, 0.38355449878323017, 20741000000, 
1.866113100043972, -0.17219797957393, 0.3801105391917516, 35871000000, 
1.8660151386084396, -0.172524517692371, 0.3766600488379041, 35973000000, 
1.934893785957136, 0.22926895304388037, 0.37780146830730316, 36075000000, 
1.922537260318308, 0.1884070723662279, 0.3815630789922589, 36177000000, 
1.909446491223077, -0.08482431578019645, 0.38445850249990143, 36245000000, 
1.8984566834719363, -0.08026858948790554, 0.3820293623342214, 36347000000, 
1.8889331030904442, -0.06837796044210975, 0.3797890851856972, 36449000000, 
1.8797879617641386, -0.06222907235932551, 0.37781184988843464, 36551000000, 
1.8711423667417997, -0.059302454495481584, 0.37599089543975883, 36653000000, 
1.8626908785296445, -0.05699027744831368, 0.3742414138023722, 36755000000, 
1.8541399365923201, -0.05667476716493184, 0.3725315454575843, 36857000000, 
1.8457320609072057, -0.05652939207479631, 0.37083752506861134, 36959000000, 
1.8376052135283918, -0.05511574354642779, 0.3691651474018612, 37061000000, 
1.8294952237181348, -0.05412279063023625, 0.36752216654358216, 37163000000, 
1.8214343507169426, -0.05390287603816398, 0.3659023191975646, 37265000000, 
1.8131463213218213, -0.05449634132104494, 0.3642717263837933, 37367000000, 
1.8048931917619224, -0.05513719651673391, 0.36263159092004577, 37469000000, 
1.7966982069623194, -0.054827047865006286, 0.3609825146697376, 37571000000, 
1.7886724346982565, -0.0540691902122196, 0.35935092222816656, 37673000000, 
1.7807001993758218, -0.05332669195499203, 0.35773805606909315, 37775000000, 
1.77279015969199, -0.05294091668755533, 0.3561441862510712, 37877000000, 
1.7650052144949255, -0.052316616269654226, 0.35456637157084914, 37979000000, 
1.7571374096619936, -0.052175833433321106, 0.3529955189232606, 38081000000, 
1.749349581600311, -0.052185442982048226, 0.3514328137171487, 38149000000, 
1.7416410818393528, -0.05165442607546922, 0.3498752048734438, 38251000000, 
1.7339686309707247, -0.05126983543195444, 0.34833061962735923, 38353000000, 
1.7263880664377658, -0.050843384671956926, 0.34679985194985624, 38455000000, 
1.7187821533904057, -0.05062159193439664, 0.3452759233865931, 38557000000, 
1.7115582971729786, -0.049432564215957285, 0.34378190113341, 38659000000, 
1.7048240459830497, -0.04652702469118678, 0.3423442997697623, 38761000000, 
1.6977251077652207, -0.04611063135919302, 0.3409404967280833, 38863000000, 
1.6908911591934088, -0.04644295596546962, 0.33956268752944524, 38965000000, 
1.6844050085984452, -0.04440033055591819, 0.33820141837047163, 39067000000, 
1.6779156575148915, -0.043251672261724515, 0.336880788353783, 39169000000, 
1.6716211684727367, -0.042612800419028485, 0.3355961223057382, 39271000000, 
1.6651959119911581, -0.0423991517457778, 0.3343155158652524, 39373000000, 
1.6587730323583092, -0.04282712038142492, 0.33303934085481357, 39475000000, 
1.6524199907043688, -0.04258640428929761, 0.33175926233692243, 39577000000, 
1.6462063464093353, -0.0418889531632464, 0.3304932912981342, 39645000000, 
1.6401598806296886, -0.04086703358226732, 0.32925241451622617, 39747000000, 
1.6341582045394027, -0.04016047289977509, 0.3280349621052284, 39849000000, 
1.6282840384974235, -0.03958614044088371, 0.3268401415777677, 39951000000, 
1.6226029618936717, -0.03851747548577015, 0.32566968032869986, 40053000000, 
1.6169455713158796, -0.03779489060514655, 0.3245221714471317, 40155000000, 
1.611412471598257, -0.03730163431804915, 0.32339740032052056, 40257000000, 
1.606046498165264, -0.03633024383538519, 0.32229363607196, 40359000000, 
1.6007581237354915, -0.03551449287588474, 0.3212144728999341, 40461000000, 
1.5956029328175965, -0.034811884492225165, 0.3201605036478901, 40563000000, 
1.5905404770328544, -0.0340588223421238, 0.31912676890572944, 40665000000, 
1.5855158774462794, -0.033623517904390145, 0.31811061915311534, 40767000000, 
1.580574462070863, -0.03322004987330448, 0.3171087211033331, 40869000000, 
1.5757137886587693, -0.03267362929170033, 0.3161202752117275, 40971000000, 
1.5709226107838838, -0.032172837623264026, 0.3151473907675677, 41039000000, 
1.5659552410514026, -0.03252849202455573, 0.31417277603293703, 41107000000, 
1.561609827574237, -0.031042610698823008, 0.3132325119606349, 41209000000, 
1.5571571077280417, -0.0293271110778696, 0.31231481175691206, 41311000000, 
1.5527275186078524, -0.02960769655461511, 0.31143296359400874, 41413000000, 
1.54841815285678, -0.0291298495708725, 0.3105535186128449, 41515000000, 
1.5442028197454434, -0.028415662874696768, 0.30968989941400504, 41617000000, 
1.5400283339318148, -0.02796606308321718, 0.3088432871022692, 41719000000, 
1.535957732686041, -0.027483623531341372, 0.30801259242421997, 41821000000, 
1.5319522983156404, -0.02692011872058142, 0.3071958909955664, 41923000000, 
1.5280527439442853, -0.026349962472519046, 0.3063975183297311, 42025000000, 
1.5242375545408844, -0.02571581258252002, 0.305616173120054, 42127000000, 
1.5204805941785002, -0.025240499219283397, 0.3048513928442446, 42229000000, 
1.5168200131465122, -0.024725137981240763, 0.30410254412439314, 42331000000, 
1.5132320108483608, -0.024161944433798155, 0.3033688412115582, 42433000000, 
1.5097441136730345, -0.023586331578258807, 0.3026530758445272, 42535000000, 
1.5063303895898834, -0.023005404194924584, 0.3019537676074186, 42603000000, 
1.5030046741786436, -0.022464798314636436, 0.3012719451627708, 42705000000, 
1.4997389345013354, -0.02197151696182657, 0.3006049332179908, 42807000000, 
1.4965350204682033, -0.02156551236813427, 0.29995190860987886, 42909000000, 
1.4934236546467288, -0.021050932848688902, 0.2993131739744178, 43011000000, 
1.490400607246072, -0.020448044073770877, 0.29869061882406694, 43113000000, 
1.4874451547562995, -0.019928332968097706, 0.2980846277766067, 43215000000, 
1.4845936355781908, -0.019356572226270814, 0.29749595983870414, 43317000000, 
1.4818140122201944, -0.018770475120350277, 0.2969235201703123, 43419000000, 
1.4790875022393242, -0.018353777796222086, 0.2963663433358473, 43521000000, 
1.476392266476558, -0.01807248581212099, 0.2958195853957384, 43623000000, 
1.4738031365522715, -0.017614552290175684, 0.29528552701787697, 43691000000, 
1.4712158697980329, -0.017254655595084028, 0.2947607515217908, 43793000000, 
1.4687430459599287, -0.016866968641142677, 0.29425080348734883, 43895000000, 
1.4663360237561032, -0.01626615347309901, 0.2937529959676043, 43997000000, 
1.4639951007762724, -0.01582648394552096, 0.29327161136615365, 44099000000, 
1.4617141951039085, -0.01540609550731542, 0.2928030213090856, 44201000000, 
1.4595340444293805, -0.014870187822972891, 0.29234955602063745, 44303000000, 
1.4574057269060716, -0.01436156065945641, 0.2919102644292907, 44405000000, 
1.4553608107236782, -0.01391077901900776, 0.29148670547060873, 44507000000, 
1.4533743118705325, -0.013438050118463885, 0.2910760566333521, 44609000000, 
1.4514539126886636, -0.013022993450048462, 0.2906792690188582, 44643000000, 
1.4496011126252664, -0.012577330817553634, 0.29029528914563085, 44779000000, 
1.4478693720536893, -0.01194846878324792, 0.28992829315784124, 44881000000, 
1.4461708446668478, -0.01143422652806203, 0.28957608862305356, 44983000000, 
1.4445553962682482, -0.011046585951470048, 0.28923970753258565, 45085000000, 
1.4430070254154972, -0.010546064171168545, 0.2889155510900395, 45153000000, 
1.441527050580802, -0.010094485624820848, 0.28860596481763645, 45255000000, 
1.4401171731301496, -0.009632840951158498, 0.28831008327509655, 45323000000, 
1.4387749100404212, -0.00917380180126918, 0.28802794225009154, 45425000000, 
1.4374993389075073, -0.008726114075474634, 0.28775942813853855, 45527000000, 
1.4363145255479772, -0.00820128164148004, 0.28750591829972705, 45629000000, 
1.4351991862166154, -0.00766717563630633, 0.2872675367114733, 45731000000, 
1.4341453123181207, -0.00723071076618842, 0.28704393493884756, 45833000000, 
1.4331745306258825, -0.0067488519691094595, 0.28683460194404126, 45935000000, 
1.4322616151874916, -0.006278990435430269, 0.286638763875433, 46037000000, 
1.4314366446330395, -0.005792953309476563, 0.2864581860297609, 46139000000, 
1.4306550330457524, -0.005355273805797515, 0.2862902195244189, 46241000000, 
1.4299875930376027, -0.004830171984789485, 0.28613861804775964, 46343000000, 
1.429366185330712, -0.004296159050134474, 0.2860005874276045, 46445000000, 
1.4288249229026448, -0.003875567116526183, 0.28587858008473066, 46513000000, 
1.4283539409443404, -0.0033741479545719897, 0.2857696699451798, 46615000000, 
1.427948693160316, -0.0029207658077627188, 0.28567517046715346, 46717000000, 
1.4276202768947615, -0.002445546831929916, 0.2855948607332945, 46819000000, 
1.4273634389641225, -0.0019508473206449513, 0.28552882726794665, 46921000000, 
1.4271817838713525, -0.0014616434113630856, 0.2854776999820158, 47023000000, 
1.4270727754108226, -0.0009688785109999524, 0.2854411998830865, 47125000000, 
1.4270389431570432, -0.00047613571436455615, 0.28541956682928127, 47227000000, 
1.4270770964569857, 1.440348721034231e-05, 0.28541258766832345, 47329000000, 
1.4271846528276597, 0.0004856989020551872, 0.2854200461627793, 47431000000, 
1.4273640579071376, 0.0009565381671731524, 0.28544172047945215, 47533000000, 
1.4276135456291756, 0.0014296426717197441, 0.2854774837575982, 47635000000, 
1.427934630367189, 0.0019019082001710725, 0.2855274822602335, 47737000000, 
1.4283319489929112, 0.002394677879118401, 0.2855920083326184, 47839000000, 
1.4287949379488936, 0.002867691939015445, 0.2856707678205996, 47941000000, 
1.42933312371942, 0.0033372490883628223, 0.2857640007107483, 48009000000, 
1.4299427458362628, 0.003826026291230781, 0.28587138716697175, 48111000000, 
1.4306230261946526, 0.004299674917442135, 0.285993259716689, 48213000000, 
1.4313636477385, 0.004736339674123642, 0.2861286279846277, 48315000000, 
1.432206985601584, 0.005279864689771152, 0.2862795773023158, 48417000000, 
1.4329009757906364, 0.005124426840454888, 0.2864314406087146, 48519000000, 
1.4332816095599215, 0.0035820798611248725, 0.2865593047301428, 48621000000, 
1.4336665083132567, 0.0025517750754011637, 0.2866566062442543, 48723000000, 
1.4340199868377328, 0.0024612575927044724, 0.2867312069807274, 48825000000, 
1.434321327425568, 0.002182730374370815, 0.2868005215051038, 48893000000, 
1.434573624607001, 0.0018454592308943714, 0.2868609959246868, 48995000000, 
1.4348043090174747, 0.0016099386396891309, 0.28691328407000294, 49097000000, 
1.4350040894195566, 0.0014348827085182887, 0.2869588015362688, 49199000000, 
1.4351641927986347, 0.0011996126038667694, 0.2869981727490444, 49301000000, 
1.4353024521821967, 0.000994542542133529, 0.2870313822933592, 49403000000, 
1.4354196535055688, 0.0008515356897801732, 0.28705908656576, 49505000000, 
1.4355074877681555, 0.0006834519531961902, 0.2870819728970614, 49607000000, 
1.4355703598982892, 0.000502354642401374, 0.28709983341146755, 49709000000, 
1.4356111698116667, 0.0003456068117039616, 0.2871126011652074, 49811000000, 
1.4356326273563262, 0.00020755819345685822, 0.28712094380441877, 49913000000, 
1.435629698423812, 6.17620404841368e-05, 0.2871248997061203, 50015000000, 
1.435606016996907, -8.870119806436705e-05, 0.2871245561851364, 50117000000, 
1.4355624825695188, -0.0002240528476438186, 0.28711987986601584, 50219000000, 
1.4354976609886336, -0.000361186694244342, 0.28711107737033725, 50287000000, 
1.4354102498923031, -0.0005074422573854894, 0.28709802623003033, 50389000000, 
1.43529752861263, -0.0006671079200123072, 0.2870803626329045, 50491000000, 
1.4351587121713776, -0.0008384590697518846, 0.28705776604508737, 50593000000, 
1.4349918959671, -0.0010187754850998765, 0.28702987578340716, 50695000000, 
1.4347921806255293, -0.001221771819494381, 0.28699618591760045, 50797000000, 
1.4345520893487425, -0.0014660220611917296, 0.28695574439609145, 50899000000, 
1.4342686554358348, -0.0017450839656481716, 0.2869075283606738, 51001000000, 
1.433927703847674, -0.002081285003561195, 0.28684989657548343, 51103000000, 
1.4335163197826866, -0.0025077855104941684, 0.2867808452710797, 51205000000, 
1.432998032319676, -0.00309890509332685, 0.2866961370633358, 51307000000, 
1.4323622841816972, -0.0038467853366312235, 0.2865917757522707, 51409000000, 
1.4317128030242254, -0.004284097651502024, 0.2864715413017066, 51511000000, 
1.431037987649557, -0.004414321773800929, 0.286340871657032, 51613000000, 
1.4303648341083035, -0.004493229719739755, 0.2862077083188057, 51681000000, 
1.429697378602342, -0.004468696824050007, 0.28607334669068013, 51783000000, 
1.4290209101027938, -0.004479746685032519, 0.28593887485422925, 51885000000, 
1.4283514845082066, -0.00448631364711775, 0.2858046515475562, 51987000000, 
1.427683991687218, -0.004456394718586054, 0.28567042575321455, 52089000000, 
1.4270131510591861, -0.004461111496734856, 0.2855365751503074, 52191000000, 
1.4263434769757908, -0.004468382371423847, 0.2854027079814796, 52293000000, 
1.4256750593913703, -0.004460305559386146, 0.28526877916175647, 52395000000, 
1.4250086572768241, -0.004449398996555498, 0.2851351462429323, 52497000000, 
1.424352271353058, -0.004409293461040686, 0.2850023992014168, 52599000000, 
1.4237049095831766, -0.004345825645491648, 0.2848710558808706, 52701000000, 
1.4230657042668304, -0.004288556954092175, 0.28474152568020433, 52803000000, 
1.4224397992013003, -0.004217034606254592, 0.2846140275367538, 52871000000, 
1.4218320619434117, -0.004112141078062385, 0.28448917102743615, 52973000000, 
1.4212414144654957, -0.003994615786015269, 0.2843675517073472, 53075000000, 
1.4206677739820208, -0.0038809598713029914, 0.2842494166927285, 53177000000, 
1.4201041457486612, -0.003790895722781684, 0.28413422227974516, 53279000000, 
1.419558568122371, -0.003697352865499326, 0.28402203252353686, 53381000000, 
1.4190353388081514, -0.0035626898016993813, 0.28391320351194554, 53483000000, 
1.418530899368281, -0.0034255625136333143, 0.2838083204199202, 53585000000, 
1.4180508228126771, -0.003281719984914074, 0.28370780406594065, 53687000000, 
1.4175941576423639, -0.003122472419723928, 0.28361172532155476, 53789000000, 
1.4171672964233095, -0.0029450879645587236, 0.28352081845855664, 53891000000, 
1.41678785999158, -0.002687658835946275, 0.2834366209371503, 53993000000, 
1.4165591221880638, -0.0020272474508190954, 0.2833676185735302, 54095000000, 
1.4164788048675954, -0.001030183746615343, 0.28332171913648263, 54197000000, 
1.416468345424773, -0.0003025892109690768, 0.28330041816536217, 54299000000, 
1.4165225057395407, 0.00014566957315128212, 0.28329797706879395, 54401000000, 
1.4166394061400824, 0.0005702023843645598, 0.28330868382029306, 54469000000, 
1.4168001702695494, 0.0009255484333621963, 0.2833308054766115, 54571000000, 
1.417003238285839, 0.0012127738191887911, 0.2833628543130314, 54673000000, 
1.4172547705478096, 0.0015153342608672145, 0.2834038786068798, 54775000000, 
1.4175625515715402, 0.0018643776190037837, 0.2834547040270126, 54877000000, 
1.4179250758854116, 0.002234351125340132, 0.2835161598669841, 54979000000, 
1.4183497977331767, 0.0026241538721216706, 0.2835891616793419, 55081000000, 
1.418841700514119, 0.0030554154290244697, 0.28367443827551386, 55183000000, 
1.419394786073183, 0.003483294466687751, 0.28377241895469857, 55285000000, 
1.4200089937098346, 0.0038909773190520802, 0.28388303201980913, 55387000000, 
1.4206883731015212, 0.004311956761127167, 0.2840061435256359, 55489000000, 
1.4214334270357076, 0.004748111086243512, 0.28414205292313754, 55591000000, 
1.4222316320143977, 0.005144196376255146, 0.2842902288101084, 55693000000, 
1.4230913853707827, 0.005526527783583646, 0.2844504296280592, 55761000000, 
1.4240183393523929, 0.005955691126650435, 0.28462275711583823, 55863000000, 
1.4249984709523031, 0.0063569519384013935, 0.2848072130450319, 55965000000, 
1.426043089983455, 0.006749168770207407, 0.2850039933525434, 56067000000, 
1.427151515570325, 0.0071768153934059775, 0.2852128717670722, 56169000000, 
1.428331207513658, 0.0076270584340099035, 0.28543505420449583, 56271000000, 
1.429568134792046, 0.008055397405736612, 0.28567005719173527, 56373000000, 
1.430865218420477, 0.008446703022730132, 0.28591763738174536, 56475000000, 
1.4322302044272635, 0.008873565450725115, 0.2861775705093191, 56577000000, 
1.4336602864447021, 0.009316893414083408, 0.2864503806194962, 56679000000, 
1.43514556001098, 0.009717851945721575, 0.2867357367255297, 56781000000, 
1.436670755398743, 0.010034896513469635, 0.2870317734569616, 56883000000, 
1.4382688615174601, 0.010411005021600713, 0.28733901179514554, 56985000000, 
1.4399422691603656, 0.01090504587207534, 0.28765879240510456, 57087000000, 
1.4416721639856294, 0.011344341560564075, 0.28799221964423033, 57155000000, 
1.4436057724856013, 0.012211677750785613, 0.28834801370877305, 57257000000, 
1.4459222408062968, 0.014166922735558233, 0.2887466784851685, 57359000000, 
1.4482970838251208, 0.015637704465065, 0.28918833980780123, 57461000000, 
1.4508223474859285, 0.016333688932105666, 0.2896694448078231, 57563000000, 
1.4536479548863248, 0.01783623687068007, 0.2901844924131583, 57665000000, 
1.456768498177316, 0.019820502304624583, 0.29074925336997126, 57767000000, 
1.4598210022229305, 0.020576824455352433, 0.29134916368577135, 57869000000, 
1.4629952513274922, 0.020755843833920967, 0.29197231678184926, 57971000000, 
1.4663117504399603, 0.021635827390099244, 0.29260853359935884, 58073000000, 
1.4696685349240093, 0.02224427865505696, 0.2932650357794308, 58141000000, 
1.4731633644462485, 0.022838713354293994, 0.2939429099873479, 58243000000, 
1.4767883439500435, 0.02373269675344754, 0.29464134955468674, 58345000000, 
1.4804997418784274, 0.02445459144059618, 0.2953634300183146, 58447000000, 
1.4843082071048392, 0.025066210515985638, 0.29610641952888733, 58549000000, 
1.4882102697851134, 0.025701759688953423, 0.2968678812512253, 58651000000, 
1.4922466704518362, 0.02646154448998998, 0.2976510098227859, 58753000000, 
1.4964535816993323, 0.02747770638072966, 0.29846070146241876, 58855000000, 
1.5007750357304066, 0.028427884261901237, 0.29929835252543835, 58957000000, 
1.5051987576790717, 0.0291505865991315, 0.300161825007254, 59059000000, 
1.509694662841359, 0.02973209036984133, 0.30104456375005584, 59161000000, 
1.5142576982588567, 0.030196468599283193, 0.3019434079186192, 59263000000, 
1.5189663859471274, 0.030905743685894677, 0.3028612498031562, 59365000000, 
1.5237876976137599, 0.03176666451634391, 0.3038007854546496, 59433000000, 
1.5286992138487507, 0.03244275967207777, 0.3047635531606425, 59535000000, 
1.5337067646033102, 0.033063556631834544, 0.30574624507105475, 59637000000, 
1.5387947765337888, 0.033651875616793614, 0.30674671699905665, 59739000000, 
1.5438411881184417, 0.03378141171710499, 0.30775618195036936, 59841000000, 
1.548394658452785, 0.031999606396653967, 0.3087353748736677, 59943000000, 
1.5520020649696646, 0.027202922837409698, 0.30961586076939274, 60045000000, 
1.5550463667862886, 0.02217236111167864, 0.31036287268058255, 60147000000, 
1.557934897230961, 0.019776107537654575, 0.3109988885991276, 60249000000, 
1.5612375649151156, 0.02063732709608986, 0.311614588595491, 60351000000, 
1.5646736987443142, 0.02246267171117718, 0.31225641072602606, 60419000000, 
1.567901094155313, 0.022211764133991767, 0.3129208238543162, 60521000000, 
1.570520505281642, 0.019489355124426105, 0.313539686545418, 60623000000, 
1.572378699878487, 0.014925352410579684, 0.3140533532876962, 60725000000, 
1.5742356515788167, 0.01238382099058244, 0.3144756571159297, 60827000000, 
1.5760572109763706, 0.012261703659612136, 0.31484477082891166, 60929000000, 
1.5781086898622612, 0.012910127611481434, 0.31522677016116324, 61031000000, 
1.5800028806797697, 0.013152232344663487, 0.31561125210122676, 61133000000, 
1.5816304412684434, 0.011739171353940906, 0.31598280078736496, 61201000000, 
1.5830687658102407, 0.010219617101570044, 0.31631347251723024, 61303000000, 
1.5845780216634684, 0.009825267983416541, 0.3166184819161435, 61405000000, 
1.5859826733184557, 0.009713025027383212, 0.3169086307194776, 61507000000, 
1.587335203368824, 0.009190605684518497, 0.31719305989004987, 61541000000, 
1.5884407491609343, 0.008193586141595302, 0.31745057505654756, 61643000000, 
1.589467926638863, 0.007109077566796647, 0.31768292527790803, 61745000000, 
1.590326483033346, 0.0062857795747054785, 0.31788234392220954, 61847000000, 
1.5910739004277308, 0.005353245962892809, 0.31805788733999596, 61949000000, 
1.5916677591419761, 0.004470920362100728, 0.31820454284020355, 62017000000, 
1.5921567304537796, 0.0036094334201626963, 0.3183265593348991, 62119000000, 
1.5925686483216739, 0.0030029639323259083, 0.31842620919449527, 62221000000, 
1.592895154614561, 0.002461413869271715, 0.3185080355593343, 62323000000, 
1.5931130056473386, 0.0018145244188823757, 0.3185717872389049, 62425000000, 
1.593238619916134, 0.0011448843385760317, 0.31861645201186894, 62527000000, 
1.593283841371608, 0.0005694524142311567, 0.3186423644623386, 62629000000, 
1.5932522125936792, 4.530892515101451e-05, 0.3186516449254281, 62731000000, 
1.593143398741032, -0.00046814210191999567, 0.318645296847088, 62833000000, 
1.592962016385541, -0.000967320693794349, 0.3186238418480168, 62935000000, 
1.5927072902647448, -0.0014536949209572232, 0.31858751369275445, 63037000000, 
1.592379866671449, -0.00194049904697291, 0.3185366115547823, 63139000000, 
1.5920125009620338, -0.002315964342369803, 0.31847331052654854, 63241000000, 
1.5917232850852139, -0.0021886052874505366, 0.3184077101812465, 63343000000, 
1.5919923935391305, -6.702474301123473e-05, 0.3183818786390919, 63445000000, 
1.5929148657784036, 0.003971935643965659, 0.31844203629351653, 63547000000, 
1.5939850494835126, 0.006642186481273793, 0.31859282058673644, 63649000000, 
1.5955204031709844, 0.00868512464193616, 0.31882802122886006, 63717000000, 
1.5967502594006786, 0.009217366390553336, 0.3190837141370117, 63819000000, 
1.5984242619304454, 0.009679529198203252, 0.3193796616334739, 63921000000, 
1.6007793415586193, 0.013430273859802444, 0.31973025752598283, 64023000000, 
1.6032942271776296, 0.016233217490613978, 0.3201665220444463, 64125000000, 
1.6059451900419905, 0.017219494944570684, 0.32066791725188265, 64227000000, 
1.6089991490454236, 0.01901640622598011, 0.32121590441766956, 64329000000, 
1.6122984617714726, 0.021177572431606933, 0.32181618672392576, 64431000000, 
1.615853463941217, 0.02284771631931119, 0.3224767383172075, 64533000000, 
1.6194901630836946, 0.023972337707406737, 0.32317613925309224, 64635000000, 
1.6233999569713715, 0.025154976767181775, 0.3239162389330855, 64737000000, 
1.6274386062220667, 0.02649481046124021, 0.32468858175180887, 64805000000, 
1.6316599111221903, 0.027533180502729387, 0.3254998982877086, 64907000000, 
1.6360239825194594, 0.028617920991308814, 0.32634149999091444, 65009000000, 
1.640418027127449, 0.029193720017529252, 0.3272067947179399, 65111000000, 
1.6450981033251586, 0.03024706935233083, 0.3281026741981378, 65213000000, 
1.6498342305197264, 0.03138734464092444, 0.32902335739815564, 65315000000, 
1.6545919290242943, 0.031646085663785684, 0.3299682841912786, 65417000000, 
1.6596200719199163, 0.03261947133396633, 0.33093641543092917, 65519000000, 
1.6648129764680468, 0.034070158145841724, 0.3319349984941504, 65621000000, 
1.670119986073124, 0.03499971384402537, 0.3329702022974058, 65723000000, 
1.6754508896984275, 0.035459710767935526, 0.33402559014930655, 65825000000, 
1.6808665860278293, 0.03582199984901798, 0.33509583078662536, 65927000000, 
1.6862997732807392, 0.036162945274372436, 0.33617448326713306, 66029000000, 
1.6919222228119375, 0.036852122613693826, 0.3372725721413671, 66131000000, 
1.6976734968140588, 0.03791241177773186, 0.338393032860449, 66199000000, 
1.70341325670347, 0.0383034463051087, 0.3395339317552978, 66301000000, 
1.7092606486964381, 0.03862383960793118, 0.34068982681426446, 66403000000, 
1.7153102873666686, 0.03965676887732824, 0.3418656128511051, 66505000000, 
1.7212758640291617, 0.04005071777574513, 0.3430564533394846, 66607000000, 
1.7273413872005126, 0.040103666112813276, 0.34426183590642284, 66709000000, 
1.733463292757683, 0.04062476242840433, 0.34547203626582385, 66811000000, 
1.739740789874158, 0.04133134224548455, 0.3467030313221569, 66913000000, 
1.745999050272493, 0.041785858382699846, 0.3479468755269556, 67015000000, 
1.7523643345071651, 0.04207848211002396, 0.34920694497692106, 67117000000, 
1.7587825901590812, 0.042611799621961044, 0.35047639832924926, 67219000000, 
1.7653067485408331, 0.043141380112226756, 0.3517635782138053, 67321000000, 
1.7718870604950998, 0.0436815677867286, 0.3530650932796676, 67389000000, 
1.7785522377963743, 0.04415163085180381, 0.35438306978882045, 67491000000, 
1.785240437385642, 0.0445112563018076, 0.3557119823784744, 67593000000, 
1.7920858754142681, 0.04511212539297945, 0.35705857003975233, 67695000000, 
1.799711349205878, 0.04823637273411988, 0.35846917746705254, 67797000000, 
1.808639322538716, 0.05517815708149317, 0.36002910314392417, 67899000000, 
1.816777353206367, 0.05688668000162952, 0.3616752016633974, 68001000000, 
1.8240123672644868, 0.05124348241923574, 0.3632952695339713, 68103000000, 
1.8300090994124747, 0.044105820687025954, 0.3647199213255552, 68205000000, 
1.8345844808585756, 0.03524037864696276, 0.36590706316903576, 68307000000, 
1.8392767976726307, 0.030892327533853514, 0.36692469186291204, 68409000000, 
1.844510453785753, 0.03308657642392484, 0.3678914488211306, 68511000000, 
1.8497685957763996, 0.034972660345896266, 0.36890372314898556, 68579000000, 
1.8549123239457939, 0.03467290053346931, 0.36994609156719643, 68613000000, 
1.8604015174701871, 0.03544307231262497, 0.3710054958128254, 68715000000, 
1.8655339147162917, 0.03540530256832616, 0.3720565170754848, 68817000000, 
1.8703577183282665, 0.03318733619359785, 0.3730862100343163, 68953000000, 
1.8753739465682606, 0.032800106173229704, 0.3740843719741879, 69055000000, 
1.8805448700791951, 0.033957172503095524, 0.3750851023317148, 69123000000, 
1.88531151883866, 0.03312524090133125, 0.376082022365741, 69225000000, 
1.8898398077760938, 0.03098312565632903, 0.3770464131129299, 69327000000, 
1.8940300279660909, 0.029061697091436283, 0.37794542363872297, 69429000000, 
1.8981309879872776, 0.027637267370612673, 0.3788000549152975, 69531000000, 
1.902419968362315, 0.027966467987414017, 0.3796387322877122, 69633000000, 
1.9064904387746084, 0.02786483595776934, 0.3804694263416134, 69735000000, 
1.9103133468290485, 0.02631126155577812, 0.38128158359773145, 69837000000, 
1.9140947632839256, 0.025347748364390466, 0.38205990325917216, 69939000000, 
1.9178317339561115, 0.025061290423543287, 0.38281598960460567, 70041000000, 
1.9209674631345353, 0.022908999502032252, 0.3835262640249715, 70143000000, 
1.9238953545736097, 0.020212068724994037, 0.3841796367776171, 70245000000, 
1.9260247453221866, 0.016857607292171117, 0.38472583753535544, 70347000000, 
1.9272540157131866, 0.011195537131922784, 0.3851449410405989, 70449000000, 
1.9281812076709521, 0.007188207829218474, 0.38543066458042163, 70551000000, 
1.9292046110513799, 0.006501984460644354, 0.38564265562903455, 70653000000, 
1.9296512345129844, 0.004900089473440783, 0.38580247021568775, 70755000000, 
1.9296247877162362, 0.0014005888828546216, 0.3858987088853734, 70857000000, 
1.9293327430017504, -0.0010616383707799197, 0.3859072510153981, 70925000000, 
1.928793981744945, -0.002769353237637162, 0.38585010083086213, 71027000000, 
1.9279328373747235, -0.0046663520900895135, 0.385737304141428, 71129000000, 
1.9266833723736596, -0.007035364570951626, 0.3855606794328885, 71231000000, 
1.9252958486367024, -0.008789962460070319, 0.3853274705590057, 71333000000, 
1.9233210979768858, -0.011207581322579449, 0.3850200212658165, 71435000000, 
1.9210430821589972, -0.014175888259017425, 0.38464400191817233, 71537000000, 
1.9183545348188384, -0.016555210526824442, 0.38418124766364803, 71639000000, 
1.9157454138915662, -0.017658894224770183, 0.3836762020579601, 71741000000, 
1.9130479941762846, -0.017688468808512898, 0.38314319619244597, 71843000000, 
1.909931128639777, -0.01938095083929688, 0.3825816357805085, 71945000000, 
1.9069829449635822, -0.020216830709007816, 0.3819974711853096, 72047000000, 
1.9036585206783485, -0.020908693204761963, 0.3813715062854472, 72115000000, 
1.9003748582476157, -0.02202695571988859, 0.38073442159263643, 72217000000, 
1.8970625382810733, -0.021986607990917378, 0.3800730611471358, 72319000000, 
1.8933849881303504, -0.023299567057550874, 0.3793881589772693, 72421000000, 
1.8895648285225177, -0.0249923658618519, 0.37866749032892943, 72523000000, 
1.8853009647015384, -0.026946744762706604, 0.3778833854236271, 72625000000, 
1.8809455238539077, -0.0287310155620335, 0.37705408780519756, 72727000000, 
1.8763894352611346, -0.029705098134679513, 0.37617572825443873, 72829000000, 
1.871924828732189, -0.030068983739062194, 0.3752839858564821, 72931000000, 
1.8674567548159642, -0.029775601483901237, 0.3743847345872859, 73033000000, 
1.863086070593579, -0.02946252712870005, 0.37349784360944877, 73135000000, 
1.8585683187576243, -0.029628120194466295, 0.3726074096111445, 73237000000, 
1.8539466005185066, -0.03046490025024144, 0.3717067326579806, 73339000000, 
1.8489832376832784, -0.031950270247819525, 0.37076654379729396, 73441000000, 
1.8440420274029343, -0.03301524371857415, 0.36979812437364795, 73543000000, 
1.8389916240725401, -0.03330537870246101, 0.3688011259439169, 73645000000, 
1.833716730566513, -0.03441765612140454, 0.36778335880279917, 73747000000, 
1.827308137389903, -0.03894495560879063, 0.36666776613526375, 73815000000, 
1.8209657004208595, -0.04250343381884495, 0.36546603789181836, 73917000000, 
1.8167892372182783, -0.035063000572082004, 0.36433753833526944, 74019000000, 
1.8116870176551212, -0.030928942552460963, 0.3632961303529506, 74121000000, 
1.8026820495577898, -0.047023958868295246, 0.3620772202954126, 74223000000, 
1.7922280391364223, -0.06486326172899644, 0.3604398070899555, 74325000000, 
1.781828130352617, -0.06951306401724293, 0.35844921460312196, 74427000000, 
1.7733151824712268, -0.06304285555065163, 0.35649142346401774, 74529000000, 
1.7653106407302432, -0.055058298741245494, 0.3546969302369391, 74631000000, 
1.756225057060938, -0.0569670847009629, 0.35299005868416056, 74733000000, 
1.7476887959272194, -0.058739482676746224, 0.35128163291456005, 74835000000, 
1.7393599834684157, -0.05621691197507402, 0.3495515890971048, 74937000000, 
1.7299544971208707, -0.05911432935449564, 0.3478002184344337, 75039000000, 
1.720107719162313, -0.06417421435367536, 0.34596147998343996, 75141000000, 
1.7103450703170948, -0.06536475601258622, 0.3440271524400186, 75243000000, 
1.701614963644363, -0.06164251839316718, 0.3421378502082514, 75311000000, 
1.692334542470545, -0.06003509282183295, 0.34028630509546687, 75413000000, 
1.6830467257232447, -0.0618941264037276, 0.33846641545587686, 75515000000, 
1.6741336055184763, -0.06066978984022864, 0.3366343249141511, 75617000000, 
1.6652113218957307, -0.05945134609171306, 0.3348261102091634, 75719000000, 
1.6558362687182568, -0.06099112266739833, 0.33301207974216424, 75821000000, 
1.6463528439011024, -0.06286159331542789, 0.33116002896767266, 75923000000, 
1.637028519738393, -0.06269249659954641, 0.32928117549051683, 76025000000, 
1.6278836314802603, -0.06156404140280699, 0.327417666341317, 76127000000, 
1.6191003059519302, -0.05976071262154233, 0.3256008304780389, 76229000000, 
1.6101240033282191, -0.05919876050680376, 0.323807196050694, 76331000000, 
1.6009527315051693, -0.06049191482253654, 0.32201180271902125, 76433000000, 
1.5915803717832897, -0.0618121051497648, 0.3201771404411119, 76535000000, 
1.582178897605938, -0.0625794463307705, 0.3183141333929598, 76637000000, 
1.5725870659670433, -0.06331101938748789, 0.31642308902375144, 76705000000, 
1.563173547947542, -0.06335116552798725, 0.31452930076803487, 76807000000, 
1.5535642530612526, -0.06340937635263592, 0.3126216577983892, 76909000000, 
1.543861880018624, -0.06437222642972677, 0.3107066454018279, 77011000000, 
1.5342938650488707, -0.06423462670793967, 0.30878133320858314, 77113000000, 
1.5248353938200223, -0.0634216206620053, 0.3068660759258345, 77215000000, 
1.515393886040011, -0.06299993002953252, 0.30496820966059357, 77317000000, 
1.505716544185092, -0.06372949878310126, 0.30306305493634167, 77419000000, 
1.4963516726094739, -0.06347404476845675, 0.30116414018897175, 77521000000, 
1.486767210702518, -0.06316444494191294, 0.29925569516647227, 77623000000, 
1.4771059169763503, -0.06415251877707862, 0.29734832001922284, 77725000000, 
1.4673753945097865, -0.06463938730910519, 0.29541656814591033, 77827000000, 
1.4576404201562578, -0.06488498940030822, 0.29347478210949296, 77929000000, 
1.4480893571185613, -0.06428679130408381, 0.29154034478564034, 78031000000, 
1.438449335344978, -0.06397028270426579, 0.2896119408413198, 78133000000, 
1.428737714945812, -0.06450547390916439, 0.2876850938272901, 78201000000, 
1.419158839831908, -0.06430165171023387, 0.28575639267484654, 78303000000, 
1.4094961369115069, -0.06413859344768384, 0.28382617944594846, 78405000000, 
1.399727867100536, -0.06476990910457318, 0.2818921895895967, 78507000000, 
1.3899152768908374, -0.06526953340223167, 0.27994261872685866, 78609000000, 
1.3800561462760341, -0.06557240274833953, 0.2779799526844939, 78711000000, 
1.370242332402019, -0.06557648162939467, 0.2760142503712594, 78813000000, 
1.3605901754693353, -0.06488656935566291, 0.27405924360982586, 78915000000, 
1.3509890771570834, -0.06417751748311866, 0.27212143900189584, 79017000000, 
1.3414854486610897, -0.06368242269415199, 0.2702043134191673, 79119000000, 
1.331818917527143, -0.06390053209980096, 0.2682862295563544, 79221000000, 
1.3220888213491633, -0.06465542437308791, 0.2663595458358264, 79323000000, 
1.312413426098416, -0.06468497142909053, 0.2644214109983148, 79425000000, 
1.302784379871207, -0.06434813825985393, 0.26248577515458577, 79527000000, 
1.292932319739429, -0.06493702119662344, 0.2605420083806035, 79595000000, 
1.283124170998174, -0.06553402957677701, 0.2585893913739207, 79697000000, 
1.27343679341487, -0.06498508774852955, 0.25663288561016484, 79799000000, 
1.2637859669440432, -0.06446068018043594, 0.2546897954238058, 79901000000, 
1.2541215707014246, -0.06438407571148479, 0.25275628873735584, 80003000000, 
1.2443739090474428, -0.06470685965533463, 0.2508187631128607, 80105000000, 
1.2347092335361676, -0.06470779055085678, 0.24888031421900234, 80207000000, 
1.224923938027488, -0.06483323673318313, 0.2469338053740732, 80309000000, 
1.224923938027488, -0.03261765169559894, 0.24563714063940953, 80309000000, 
1.205502361982152, -0.06473858681778595, 0.24369001586914188, 80479000000, 
1.1959169741070603, -0.09668987973475855, 0.24175621827444668, 80581000000, 
1.1862345330663082, -0.06422609638614629, 0.23917692461036802, 80683000000, 
1.1765429879404394, -0.06457995388873632, 0.23724629967425384, 80785000000, 
1.1669050826006202, -0.06443150155229338, 0.23531217357382453, 80887000000, 
1.157239457197484, -0.0643451024765181, 0.2333791685159029, 80989000000, 
1.1475877137185109, -0.0643912296070311, 0.23144881690110766, 81091000000, 
1.1378701308467285, -0.064564421169185, 0.22951315345084822, 81193000000, 
1.1282256827629287, -0.06454010318527399, 0.22757890182187784, 81295000000, 
1.1185702296533282, -0.06433300397800101, 0.225644402884199, 81397000000, 
1.1089223939849018, -0.06434429592675632, 0.22371455376007723, 81499000000, 
1.0993193269119963, -0.06416967580443966, 0.2217874633700151, 81601000000, 
1.0897380610336123, -0.06394777650429839, 0.21986531879536736, 81703000000, 
1.080070568967035, -0.06416252648320464, 0.21794186379417624, 81771000000, 
1.070416998414144, -0.064403542064894, 0.2160150418943194, 81873000000, 
1.0607723117976713, -0.06432752389787873, 0.21408399194525668, 81975000000, 
1.0511880132298508, -0.0640966172809776, 0.21215848822944441, 82077000000, 
1.041502243440147, -0.06423356119174735, 0.2102308378978446, 82179000000, 
1.0319030051090399, -0.06428336040270304, 0.20830621745193584, 82281000000, 
1.0222527764093223, -0.06416489010274917, 0.2063772016639006, 82383000000, 
1.0126958250063705, -0.06402393367556473, 0.2044567737683155, 82485000000, 
1.0052735198935252, -0.05659752171932375, 0.20268147475394785, 82587000000, 
1.001125685776706, -0.038567130765548484, 0.20127300204510679, 82689000000, 
0.993627721498287, -0.038819327984127204, 0.20000179514456787, 82791000000, 
0.9839495116643705, -0.05725391370778469, 0.19858019459595755, 82893000000, 
0.9734095379374729, -0.06739394520271391, 0.19673245140667536, 82995000000, 
0.9628074538733372, -0.07047352597011096, 0.19467776689834537, 83097000000, 
0.9525470228263501, -0.06954171703707601, 0.19258426764247732, 83199000000, 
0.9428106967107359, -0.066655857208671, 0.19054434489402822, 83301000000, 
0.9330752481838758, -0.06490591547491431, 0.18856219784806413, 83403000000, 
0.9231830754809854, -0.06542540409916826, 0.18660460135837315, 83471000000, 
0.9130596638608988, -0.06671861440992337, 0.184621199168384, 83573000000, 
0.9031287839164384, -0.06684763854849025, 0.18262476821722148, 83675000000, 
0.8931061894217939, -0.06651158146368297, 0.18061964247994208, 83777000000, 
0.8831643642459054, -0.06654806556844324, 0.17862662250560918, 83879000000, 
0.8732385214505807, -0.066225559904044, 0.17663393834121865, 83981000000, 
0.8632112958237477, -0.06651022807385905, 0.17464094543468225, 84083000000, 
0.8532019912570734, -0.06678843397835754, 0.17264345390209346, 84185000000, 
0.8432064264982465, -0.06668289775167054, 0.17064131423860449, 84287000000, 
0.8332702236544657, -0.06643922534202577, 0.16864524276065238, 84389000000, 
0.8233186224359272, -0.0662926802077309, 0.16665301817257597, 84491000000, 
0.8133750628696905, -0.06631720261591718, 0.1646642605973389, 84593000000, 
0.803343322573559, -0.06658433287456078, 0.1626691338586118, 84695000000, 
0.7934225436593375, -0.06650839736784338, 0.16067606194017248, 84797000000, 
0.7835695713748886, -0.06591250399556807, 0.15868902917385236, 84899000000, 
0.773734228487711, -0.065627717238755, 0.15671508956812913, 85001000000, 
0.7636990000710904, -0.06623523767932737, 0.15473351999557933, 85103000000, 
0.7536649087661548, -0.06689773240518744, 0.15273987582166373, 85205000000, 
0.7436972209482081, -0.0666725970762742, 0.15073740865236354, 85273000000, 
0.7338181457106081, -0.06615587685182223, 0.14874535169499806, 85375000000, 
0.7238350180354524, -0.06620734304251918, 0.14675669231295124, 85477000000, 
0.7138291332710935, -0.06663004146504854, 0.14476548646781026, 85579000000, 
0.7039322268719465, -0.06634263721168636, 0.14277309187856616, 85681000000, 
0.6940025248267988, -0.06608869481431578, 0.14078425899798924, 85783000000, 
0.6840286767355682, -0.06634516712126078, 0.1387975618956209, 85885000000, 
0.6740711871241797, -0.06643779234206375, 0.13680682591243642, 85987000000, 
0.6641560291274758, -0.06624215869364125, 0.13481705953248158, 86089000000, 
0.6541480513566366, -0.06641045255847706, 0.13282501784055278, 86191000000, 
0.6441952223902179, -0.06653602245752659, 0.13083328685828868, 86293000000, 
0.6341538238790172, -0.06664742492539788, 0.1288331398417248, 86395000000, 
0.6238444231775911, -0.06783599737542241, 0.12681289796312176, 86463000000, 
0.613722860574113, -0.06810321101634746, 0.12478140717538141, 86565000000, 
0.6035193996650036, -0.06775007837529194, 0.12273911222778053, 86667000000, 
0.5933087239052991, -0.06804712222937954, 0.12070339894296106, 86769000000, 
0.5830552562074401, -0.0682138115252114, 0.11865889198518285, 86871000000, 
0.572911667372435, -0.06799018844288018, 0.11661837649901162, 86973000000, 
0.5628818861034295, -0.06724456701336885, 0.11458992064555364, 87075000000, 
0.5528697079343836, -0.06680653146017142, 0.11257755076068321, 87177000000, 
0.5428954303670706, -0.06662151912119645, 0.11057646829365891, 87279000000, 
0.5329068185186101, -0.06654296471924503, 0.10857813045467095, 87381000000, 
0.5228941680301754, -0.06667087445631714, 0.10657976112772373, 87483000000, 
0.5128852907654332, -0.06673842584392298, 0.10457908515428124, 87585000000, 
0.5028899199693864, -0.06668082686929681, 0.102577958584333, 87687000000, 
0.49294894316510973, -0.06645449200107827, 0.10058161025999528, 87789000000, 
0.4830068317766188, -0.06627696064255857, 0.09858971299407432, 87891000000, 
0.47296188222181357, -0.06662353647765389, 0.09659451047756946, 87959000000, 
0.46297033824443506, -0.06678831177394577, 0.09459593681619115, 88061000000, 
0.4528908467509281, -0.06690345156961819, 0.0925882044811451, 88163000000, 
0.4427810115913615, -0.06729775551024515, 0.09057614643911499, 88265000000, 
0.4329026908985136, -0.06662718617471512, 0.08857163661605355, 88367000000, 
0.4228514682902096, -0.06643181100383977, 0.08656901138533898, 88469000000, 
0.41294791343526516, -0.06651592487749473, 0.08458013817493255, 88571000000, 
0.402951968655537, -0.0663316654489086, 0.08258342335873411, 88673000000, 
0.3929492248285948, -0.06666229535556789, 0.08058994046129313, 88775000000, 
0.3829878764626331, -0.06654697397634635, 0.07859260466311765, 88877000000, 
0.3729316294520733, -0.06672531792173826, 0.07659124871622008, 88979000000, 
0.36292786865370363, -0.06686669269643157, 0.07458982497122733, 89081000000, 
0.35304933372608105, -0.06627431908664087, 0.07259392212212387, 89183000000, 
0.34326308287068, -0.06554928594341203, 0.07061601901669765, 89251000000, 
0.33374445449133244, -0.06434959744916202, 0.06867045807253956, 89353000000, 
0.3246227345202959, -0.06213449450128047, 0.06677535145882055, 89455000000, 
0.31555760740762473, -0.060622823612359045, 0.06492831976128353, 89557000000, 
0.3069222120526158, -0.05900174155893371, 0.0631401702653691, 89659000000, 
0.2986840686770975, -0.056245129101757385, 0.06141092587582254, 89761000000, 
0.2904183043490469, -0.055013025678562845, 0.05973497233858402, 89863000000, 
0.2826913695675957, -0.053308997031672654, 0.05811958283958267, 89965000000, 
0.2750515852585268, -0.0512223969684004, 0.05654408394501129, 90067000000, 
0.2675477877424101, -0.050478606083952014, 0.055019382837902184, 90169000000, 
0.26015325777763454, -0.049661091602974196, 0.05351684205190476, 90271000000, 
0.25298655913855805, -0.04853742867950687, 0.05204584031057351, 90373000000, 
0.246079709415224, -0.04691182787470179, 0.0506146350887611, 90475000000, 
0.2393453072712255, -0.0454708395577752, 0.04922743838833384, 90577000000, 
0.23285015265957681, -0.04409852251882396, 0.04788501128973509, 90679000000, 
0.22649081938051235, -0.0428482929690438, 0.046579085287420975, 90781000000, 
0.2203507333173553, -0.041664731140738376, 0.04531278035716296, 90849000000, 
0.21443467232686253, -0.040187156845499415, 0.044085081668315346, 90951000000, 
0.20853582016601058, -0.03938304383781575, 0.0428880817206819, 91053000000, 
0.20275149964129058, -0.038943908951906504, 0.04171479947561091, 91155000000, 
0.19715441039145573, -0.03793803258184949, 0.04056278201325046, 91257000000, 
0.19182078984241996, -0.03643569932956873, 0.03944844665834442, 91359000000, 
0.18658520017862787, -0.03523070070942621, 0.03837069336083357, 91461000000, 
0.18147441153249963, -0.03448792769973443, 0.03732536010356983, 91563000000, 
0.17653442564968497, -0.033502581763143004, 0.036306269157387494, 91665000000, 
0.17176956467473325, -0.03234948952588792, 0.03531856012379452, 91767000000, 
0.16714831129073074, -0.03128704786318076, 0.03436348677434327, 91835000000, 
0.16263436518639196, -0.030450664961137647, 0.033436816076790395, 91971000000, 
0.15819493598993448, -0.02984458433598754, 0.032531840831137145, 92073000000, 
0.15386651838619497, -0.029226156000656627, 0.031646387970834765, 92141000000, 
0.14961303065015838, -0.02860635113258699, 0.03077829900175252, 92243000000, 
0.14554709352376377, -0.027731416208104005, 0.029935109504007806, 92345000000, 
0.14160627381602095, -0.026689189447124766, 0.029117759865996205, 92447000000, 
0.13770381988434785, -0.026144245464719735, 0.028323812481608836, 92549000000, 
0.13393197050187255, -0.025581011047161317, 0.02754947094681609, 92651000000, 
0.130304772280778, -0.024663492011899508, 0.026796037511133228, 92753000000, 
0.12674631582255066, -0.0239521822644063, 0.026065537240346746, 92855000000, 
0.12328072111181931, -0.023413503896528947, 0.02535545394767653, 92957000000, 
0.11991782203518252, -0.022761645957893827, 0.02466299059797017, 93059000000, 
0.11662402184773843, -0.02218899754693628, 0.023988170999649353, 93161000000, 
0.11344490597970801, -0.021576386851581697, 0.02333244999084193, 93263000000, 
0.11032410102362385, -0.020999736080381942, 0.02269286859007135, 93365000000, 
0.10729301450707895, -0.020506304908763512, 0.022070801434027388, 93467000000, 
0.10440433816675511, -0.019732542856229125, 0.02146809691316386, 93569000000, 
0.10156483785854184, -0.019093922161790382, 0.020884146035491727, 93671000000, 
